{
    "train": {
        "loss": 2.308684825897217
    },
    "epoch": 4,
    "step": 3519,
    "val": {
        "loss": 2.30692982673645,
        "acc": 0.10580000281333923
    }
}
